descrizione,quantita,prezzo,importo,iva
PONCHO IMPERMEABILE ADULTO XL,36,3.95,142.20,22
W07 PORTAOMBRELLI PLUVIO D30*48CM,36,7.50,270.00,22
VASO PER FIORI IN VETRO 18CM,48,2.50,120.00,22
VASO PER FIORI IN VETRO 36CM,48,4.50,216.00,22
VASO FIORERIA RETTANGOLARE 80*40*34 CM,60,9.50,570.00,22
VASO FIORERIA RETTANGOLARE 100*40*34 CM,48,13.80,662.40,22
ANNAFFIATOIO PLAST BECCUIO LUNGO 2L,48,2.50,120.00,22
ANNAFFIATOIO PLAST CON DOCCETTA BECUIO LUNGO 4L,48,3.20,153.60,22
TORCIA LED RICARICAVILE SUPER LUMINOSO,30,8.90,267.00,22
FELTRINI PER SEDIA,72,0.55,39.60,22
ANNAFFIATOIO PLAST CON DOCCETTA BECUIO LUNGO 10L,48,4.90,235.20,22
FILO DI FERRO PLASTIFICATO D 2.2 MM 20MT,48,2.60,124.80,22
FILO DI FERRO PLASTIFICATO D2.2 MM 50MT,36,3.50,126.00,22
SECCHIO IN ACCIAIO 10L,48,3.50,168.00,22
PIETRE DECORATIVE 4-6MM PER ACQUARIO 200G,36,2.90,104.40,22
CESOIE DA GIARDINO,36,4.50,162.00,22
ACQUARIO IN PLASTICA GEO MAXI VASCA 16L C/C,24,18.00,432.00,22
TORCIA LED RICARICAVILE IMPERMEABILE,40,7.90,316.00,22
SPAZZOLA MAGNETIO ACQUARIO 18*10CM,40,3.00,120.00,22
PAWFLY RASCHETTO CON SPUGNA LAVA ACQUARIO,40,3.00,120.00,22
W05 PORTABIANCHERIA ANGOLO MOKA,36,6.80,244.80,22
TAPPETO ESTERNO ANTISCVOLO 50*70 NERO,48,5.00,240.00,22
TAPPETO ESTERNO ROTONDO D70CM NERO,48,5.00,240.00,22
SEDIA DA CAMPEGGIO TREPIERDI,40,8.50,340.00,22